,rank,t_init,Initialize_Topology,Initialize_Trajectory,t_open_traj,t_n_atoms,t_set_units,IO,total_io/bsize,total_copy_data,total_copy_box,total_get_dataset,total_set_ts_position,total_convert_units,RMSD,total_rmsd/bsize,Wait,Comm_Gather,t_close_traj,Total_Benchmark_Time
0,0.0,66.63258671760559,61.03029680252075,5.59316086769104,1.0746736526489258,2.060425043106079,0.001901388168334961,561.9121541976929,1.2215481612993324,3.5841104984283447,12.663403034210205,541.9043624401093,0.16694855690002441,0.18991565704345703,0.1599431037902832,0.0003477023995440939,43.56845188140869,0.010218381881713867,0.7592687606811523,672.2833542823792
1,1.0,67.68598890304565,61.08878707885742,6.589725732803345,1.0234944820404053,2.8628435134887695,0.001848459243774414,592.7999231815338,1.2886954851772474,2.69305157661438,13.742374658584595,572.8106346130371,0.16160368919372559,0.1807708740234375,0.1584179401397705,0.00034438682639080547,11.628515720367432,8.821487426757812e-05,0.7692234516143799,672.2729339599609
2,2.0,67.68946862220764,60.736258029937744,6.945752859115601,1.3773126602172852,2.530865430831909,0.0019683837890625,561.0455594062805,1.2196642595788707,3.0539028644561768,18.91039514541626,534.8781797885895,0.17163467407226562,0.18897342681884766,0.16893625259399414,0.00036725272303042203,43.36958575248718,7.62939453125e-05,0.7692787647247314,672.2736263275146
3,3.0,68.2503092288971,61.06863188743591,7.174232482910156,1.0440754890441895,3.2815773487091064,0.026430368423461914,594.5737979412079,1.2925517346547997,3.1521270275115967,16.130861282348633,571.7225766181946,0.15702533721923828,0.17755484580993652,0.15185236930847168,0.0003301138463227645,9.295899629592896,7.700920104980469e-05,0.7692253589630127,672.2719361782074
4,4.0,65.78416991233826,56.348687171936035,9.426194190979004,5.752333641052246,1.8710525035858154,0.0019838809967041016,561.1947829723358,1.2199886586355126,2.6148972511291504,13.976367950439453,541.0494177341461,0.17197871208190918,0.189162015914917,0.1658477783203125,0.0003605386485224185,45.1252646446228,7.796287536621094e-05,0.7692775726318359,672.2701432704926
5,5.0,66.634756565094,55.98919892311096,10.63620901107788,6.041287422180176,2.5333313941955566,0.0019774436950683594,598.4015781879425,1.3008729960607446,2.820568084716797,9.361579418182373,582.323578119278,0.15857243537902832,0.17661166191101074,0.15693950653076172,0.0003411728402842646,7.079694747924805,5.9604644775390625e-05,0.7692980766296387,672.2730286121368
6,6.0,68.05095052719116,61.028791189193726,7.014730930328369,1.1207404136657715,2.5533223152160645,0.0019190311431884766,555.4453735351562,1.207489942467731,2.2091853618621826,8.940827131271362,540.5712978839874,0.1693863868713379,0.18614506721496582,0.1637101173400879,0.00035589155943497366,48.61082887649536,8.726119995117188e-05,0.7692525386810303,672.2709503173828
7,7.0,67.01918721199036,61.08740568161011,5.924429655075073,1.0265562534332275,2.174922227859497,0.002367734909057617,603.1664111614227,1.3112313286117885,2.58135986328125,8.030437469482422,588.9671704769135,0.15826082229614258,0.17135143280029297,0.15122365951538086,0.0003287470859030019,1.934910774230957,7.62939453125e-05,0.7692074775695801,672.2718091011047
8,8.0,66.4504337310791,58.22405123710632,8.217673063278198,3.8874456882476807,2.198230743408203,0.002393484115600586,560.9090530872345,1.2193675067113794,2.957111120223999,7.57614803314209,546.5274090766907,0.17132210731506348,0.18860936164855957,0.16791009902954102,0.0003650219544120457,44.74289298057556,7.62939453125e-05,0.769261360168457,672.270366191864
9,9.0,70.56025218963623,55.6468243598938,14.904804468154907,6.443749904632568,3.234192132949829,0.006998538970947266,587.4257864952087,1.2770125793374103,2.3938968181610107,3.7977752685546875,576.9339411258698,0.1597902774810791,0.17421913146972656,0.15506315231323242,0.00033709380937659223,14.130776405334473,5.793571472167969e-05,0.7692704200744629,672.2719361782074
10,10.0,65.77194428443909,60.830302238464355,4.934728622436523,1.184314250946045,1.9520237445831299,0.0019905567169189453,553.859536409378,1.2040424704551698,3.0127973556518555,3.907914638519287,543.5452930927277,0.1705470085144043,0.18410563468933105,0.16091036796569824,0.0003498051477515179,52.4774603843689,9.489059448242188e-05,0.7692291736602783,672.2699463367462
11,11.0,66.66276693344116,55.0176043510437,11.636485576629639,7.00651216506958,2.585304021835327,0.0019719600677490234,592.7481286525726,1.288582888375158,2.8441555500030518,4.247293472290039,582.2584817409515,0.1590890884399414,0.18094539642333984,0.1592845916748047,0.00034627085146696673,12.698469161987305,4.9114227294921875e-05,0.7692935466766357,672.2686984539032
12,12.0,65.58802247047424,60.91207838058472,4.669665813446045,1.116914987564087,2.067124843597412,0.002053976058959961,556.5504624843597,1.209892309748608,2.5475730895996094,4.016085863113403,546.6233015060425,0.1687333583831787,0.18200445175170898,0.16131043434143066,0.00035067485726397973,49.970229387283325,8.654594421386719e-05,0.7692692279815674,672.270111322403
13,13.0,66.54206967353821,61.055251359939575,5.479286432266235,1.0488567352294922,2.1209521293640137,0.002012491226196289,603.4062325954437,1.3117526795553125,2.936722755432129,7.527698516845703,589.0861287117004,0.1596066951751709,0.17763304710388184,0.1593010425567627,0.00034630661425383194,2.163921356201172,9.083747863769531e-05,0.7692391872406006,672.2716155052185
14,14.0,65.41229057312012,60.740668535232544,4.666486978530884,1.4321749210357666,1.5638854503631592,0.002010822296142578,559.8641977310181,1.2170960820239523,2.5406246185302734,13.003633260726929,541.6291573047638,0.16893410682678223,0.19065618515014648,0.17064714431762695,0.00037097205286440644,46.82491207122803,9.703636169433594e-05,0.7692160606384277,672.2721445560455
15,15.0,69.9341082572937,61.08473563194275,8.842499256134033,1.0257799625396729,3.279061794281006,0.008159399032592773,591.0282416343689,1.2848440035529758,2.8240387439727783,13.551312923431396,570.7845849990845,0.1569075584411621,0.17972087860107422,0.15385818481445312,0.00033447431481402855,11.153664112091064,8.392333984375e-05,0.7692255973815918,672.269956111908
16,16.0,66.6352710723877,61.01014852523804,5.617234468460083,1.101215124130249,2.472935676574707,0.0019011497497558594,558.4307918548584,1.2139799822931705,2.343905210494995,15.102201223373413,537.8613214492798,0.16747689247131348,0.18239736557006836,0.16215968132019043,0.0003525210463482401,47.04143404960632,7.581710815429688e-05,0.7692728042602539,672.2697324752808
17,17.0,68.13832926750183,61.20944929122925,6.921982049942017,0.9037656784057617,2.2696218490600586,0.0021619796752929688,597.3102848529816,1.298500619245612,2.7328338623046875,16.053581476211548,574.9973142147064,0.15559792518615723,0.17766642570495605,0.1541447639465332,0.0003350973129272461,6.6678173542022705,8.225440979003906e-05,0.769221305847168,672.270658493042
18,18.0,67.88912534713745,61.05271768569946,6.8290486335754395,1.0575101375579834,2.87148118019104,0.0018012523651123047,559.513120174408,1.2163328699443652,2.5443098545074463,17.625683784484863,535.6152772903442,0.17048215866088867,0.18961238861083984,0.16484928131103516,0.0003583680028500764,44.700684547424316,9.274482727050781e-05,0.7692463397979736,672.267872095108
19,19.0,70.05902576446533,55.3272271156311,14.722467422485352,6.779184341430664,3.4899303913116455,0.002025127410888672,592.7994854450226,1.288694533576136,2.7734122276306152,17.878075122833252,569.0493116378784,0.15778017044067383,0.17481422424316406,0.15541887283325195,0.00033786711485489556,9.25531816482544,5.1021575927734375e-05,0.7692525386810303,672.2692992687225
20,20.0,67.5694031715393,61.08029341697693,6.481666326522827,1.030625581741333,2.8320155143737793,0.001857757568359375,562.0336410999298,1.221812263260717,2.6198081970214844,20.408387422561646,536.03777551651,0.1710066795349121,0.18916845321655273,0.1638474464416504,0.00035619010096010957,42.500733375549316,7.605552673339844e-05,0.7692697048187256,672.2677011489868
21,21.0,69.73417353630066,56.330652475357056,13.39417314529419,5.7621588706970215,3.2424633502960205,0.01229238510131836,590.7073647975922,1.284146445212157,2.5112853050231934,9.973963975906372,574.6829450130463,0.16139912605285645,0.17828798294067383,0.16114473342895508,0.0003503146378890328,11.667638778686523,5.173683166503906e-05,0.7692978382110596,672.27037358284
22,22.0,67.57601022720337,55.72936987876892,11.836303472518921,6.379385471343994,2.4978585243225098,0.001985311508178711,556.4211990833282,1.2096113023550614,2.882205009460449,7.618149757385254,542.3852458000183,0.16551613807678223,0.18299174308776855,0.16733860969543457,0.000363779586294423,48.106319427490234,9.369850158691406e-05,0.7692325115203857,672.2709610462189
23,23.0,70.44269347190857,61.212597608566284,9.222554922103882,0.8151488304138184,3.398839235305786,0.012719154357910156,599.9225516319275,1.3041794600694077,2.3964755535125732,9.827469110488892,583.9794821739197,0.15849637985229492,0.17936372756958008,0.15798401832580566,0.00034344351809957753,1.7454581260681152,8.344650268554688e-05,0.7704389095306396,672.2687706947327
24,24.0,65.71000409126282,60.89229941368103,4.810248136520386,1.2105674743652344,2.03957462310791,0.0034008026123046875,558.0613059997559,1.2131767521733823,2.7391116619110107,8.232526540756226,543.2216956615448,0.1719975471496582,0.1883554458618164,0.167830228805542,0.0003648483234903087,48.32742404937744,9.012222290039062e-05,0.7692623138427734,672.2666544914246
25,25.0,70.59103274345398,61.104782581329346,9.478773832321167,1.0114636421203613,3.2648322582244873,0.01056981086730957,599.7826654911041,1.3038753597632697,2.742119550704956,4.63534688949585,588.8805186748505,0.15806293487548828,0.18147897720336914,0.15684843063354492,0.00034097484920335853,1.7433793544769287,8.940696716308594e-05,0.7692410945892334,672.2740154266357
26,26.0,65.76905941963196,58.208263635635376,7.551268100738525,3.810861587524414,2.080375909805298,0.002242565155029297,553.932187795639,1.2042004082513893,3.5789148807525635,3.6764440536499023,543.2656898498535,0.1720569133758545,0.18720364570617676,0.1687302589416504,0.00036680491074271825,52.39963173866272,0.00010156631469726562,0.7692174911499023,672.2697107791901
27,27.0,66.96023535728455,55.413318157196045,11.537506103515625,6.64155387878418,2.881481170654297,0.0020258426666259766,588.1965141296387,1.2786880741948667,2.685991048812866,4.0804619789123535,577.8356037139893,0.15903782844543457,0.1770484447479248,0.1559743881225586,0.00033907475678817084,16.956141233444214,8.511543273925781e-05,0.7692079544067383,672.2689502239227
28,28.0,66.316073179245,60.22884154319763,6.08026909828186,1.7076828479766846,2.594346046447754,0.001905679702758789,557.7276577949524,1.212451429989027,2.8817825317382812,3.930136203765869,547.5257976055145,0.16988492012023926,0.18997645378112793,0.16654014587402344,0.0003620437953783118,47.88538360595703,0.0006284713745117188,0.7686953544616699,672.096283197403
29,29.0,68.88768410682678,56.657328844070435,12.221447944641113,5.277392864227295,2.229306221008301,0.0019388198852539062,599.3230357170105,1.3028761646021967,2.988661050796509,14.59559178352356,578.7530250549316,0.15903353691101074,0.17461419105529785,0.1574409008026123,0.0003422628278317659,3.7253921031951904,0.0006172657012939453,0.7687599658966064,672.0941700935364
30,30.0,66.13204574584961,58.03944993019104,8.083431005477905,3.8972067832946777,2.4939146041870117,0.0017461776733398438,560.8173568248749,1.2191681670105976,2.4782373905181885,12.409916639328003,542.2844190597534,0.17027521133422852,0.19025826454162598,0.16719484329223633,0.0003634670506352964,44.97830629348755,0.0005083084106445312,0.7688219547271729,672.0954120159149
31,31.0,68.04038047790527,58.05370092391968,9.977512121200562,3.8760180473327637,3.2790212631225586,0.007820606231689453,596.8321371078491,1.297461167625759,3.1372742652893066,14.157433986663818,575.632000207901,0.157257080078125,0.17498064041137695,0.15736651420593262,0.00034210111783898394,7.063263654708862,0.00038361549377441406,0.7689266204833984,672.093531370163
32,32.0,65.09532427787781,51.6917450428009,13.39340615272522,10.240078687667847,1.728015661239624,0.0021114349365234375,562.0511291027069,1.2218502806580585,2.4494967460632324,16.226746559143066,540.3598711490631,0.1663351058959961,0.1834888458251953,0.1660630702972412,0.00036100667455922004,44.785747051239014,8.606910705566406e-05,0.7692437171936035,672.098349571228
33,33.0,66.94700717926025,60.271451234817505,6.667994737625122,1.6650092601776123,2.8441152572631836,0.0019185543060302734,601.9995324611664,1.3086946357851443,2.911571979522705,18.334320306777954,576.082195520401,0.1577303409576416,0.17379164695739746,0.15629220008850098,0.0003397656523663065,2.9931328296661377,0.0006227493286132812,0.7687385082244873,672.0965874195099
34,34.0,66.2370879650116,57.999902963638306,8.22785234451294,3.9358882904052734,1.9517836570739746,0.0025701522827148438,559.7752513885498,1.2169027204098908,2.6069328784942627,15.767523288726807,537.4669303894043,0.16674160957336426,0.1902461051940918,0.16458392143249512,0.00035779113354890245,45.92081427574158,0.0007255077362060547,0.768596887588501,672.0984630584717
35,35.0,69.3923876285553,55.88183116912842,13.501296043395996,6.0530359745025635,2.561788320541382,0.002001523971557617,600.5153105258942,1.3054680663606395,2.69789719581604,18.28741478919983,575.766759634018,0.1546773910522461,0.17149591445922852,0.1516401767730713,0.00032965255820232886,2.034395217895508,0.0003809928894042969,0.7689671516418457,672.0941145420074
36,36.0,67.5443320274353,54.44708013534546,13.08788800239563,7.483547687530518,2.2979841232299805,0.001984119415283203,561.2721416950226,1.2201568297717882,2.6937830448150635,14.966299057006836,539.9338719844818,0.16804814338684082,0.18810319900512695,0.16651654243469238,0.0003619924835536791,43.10981202125549,0.0005424022674560547,0.7687859535217285,672.0933446884155
37,37.0,67.83856844902039,60.28257989883423,7.548671722412109,1.6541919708251953,2.304466724395752,0.0019207000732421875,602.4232013225555,1.3096156550490339,2.8133537769317627,9.806082248687744,586.4631516933441,0.15708160400390625,0.17423319816589355,0.15560293197631836,0.00033826724342677907,1.6806623935699463,0.0005555152893066406,0.7688426971435547,672.0985906124115
38,38.0,66.18805599212646,55.27659010887146,10.902131080627441,6.562809705734253,2.147888422012329,0.0018410682678222656,558.9596226215363,1.215129614394644,6.918374538421631,8.80770468711853,539.8133273124695,0.17202115058898926,0.19425010681152344,0.16760635375976562,0.00036436163860818614,46.78076648712158,0.0005469322204589844,0.7687673568725586,672.0965983867645
39,39.0,68.414546251297,56.65378141403198,11.751426696777344,5.2823076248168945,2.5514373779296875,0.0021550655364990234,601.5087728500366,1.307627767065297,3.0150599479675293,8.706770181655884,585.259138584137,0.15804672241210938,0.1749577522277832,0.15414118766784668,0.00033508953840836233,2.0182065963745117,0.0006787776947021484,0.7686901092529297,672.0963456630707
40,40.0,66.37575006484985,60.26997685432434,6.099313974380493,1.6651275157928467,2.643087863922119,0.0018970966339111328,557.1082873344421,1.2111049724661787,2.517791748046875,4.787977457046509,546.1782522201538,0.16816139221191406,0.19237184524536133,0.17175698280334473,0.00037338474522466246,48.43962335586548,0.0005679130554199219,0.7687535285949707,672.0959856510162
41,41.0,67.30888056755066,60.28110933303833,7.020264625549316,1.6528558731079102,2.7360141277313232,0.001988649368286133,597.5171940326691,1.2989504218101502,2.5644283294677734,4.4284398555755615,587.6240572929382,0.15718317031860352,0.17250490188598633,0.15257477760314941,0.00033168429913728136,7.116548776626587,0.0006341934204101562,0.768683671951294,672.0958323478699
42,42.0,66.01423740386963,60.26288986206055,5.743802785873413,1.6717686653137207,1.797206163406372,0.001968860626220703,557.9834022521973,1.2130073962004289,2.793022394180298,3.8821723461151123,547.8892507553101,0.17476677894592285,0.19879150390625,0.17346596717834473,0.0003770999286485755,47.922608375549316,0.0005838871002197266,0.7687504291534424,672.0942978858948
43,43.0,68.74595880508423,60.276922941207886,8.461998224258423,1.6595075130462646,3.203399896621704,0.004059314727783203,594.2281024456024,1.2918002227078313,2.894493818283081,3.973978281021118,583.7613687515259,0.15848112106323242,0.1754779815673828,0.15819787979125977,0.0003439084343288256,8.963078022003174,0.0006253719329833984,0.7687101364135742,672.0959625244141
44,44.0,65.40615439414978,60.217971324920654,5.180631637573242,1.719362497329712,1.9050445556640625,0.0019123554229736328,556.0705778598785,1.2088490823040838,3.1123719215393066,5.4361302852630615,544.266845703125,0.16672301292419434,0.1857588291168213,0.16819381713867188,0.00036563873291015623,50.45184540748596,0.0006976127624511719,0.7686285972595215,672.0974690914154
45,45.0,70.04388737678528,60.2649040222168,9.771590232849121,1.6711173057556152,3.1721508502960205,0.0019376277923583984,599.8747851848602,1.3040756199670875,2.766266345977783,14.53786587715149,577.6159884929657,0.1566164493560791,0.17505526542663574,0.1560533046722412,0.0003392463145048722,2.0208799839019775,0.0005729198455810547,0.7704596519470215,672.0961787700653
46,46.0,66.33034110069275,58.02528524398804,8.295729160308838,3.8081605434417725,2.2628486156463623,0.0030999183654785156,558.8986279964447,1.2149970173835754,2.7252941131591797,10.774172306060791,541.632330417633,0.16873669624328613,0.19196057319641113,0.16802477836608887,0.00036527125731758447,46.69563317298889,0.0005278587341308594,0.7687981128692627,672.0931549072266
47,47.0,67.93421220779419,60.1085205078125,7.818301439285278,1.8274509906768799,2.778510570526123,0.0019009113311767578,599.1037049293518,1.3023993585420692,2.7979698181152344,14.694761514663696,578.1811974048615,0.1575789451599121,0.17366766929626465,0.15072059631347656,0.0003276534702466882,4.907579183578491,0.0005538463592529297,0.7687478065490723,672.0967707633972
48,48.0,67.62509059906006,60.21822714805603,7.399379014968872,1.713937759399414,2.1498429775238037,0.00551152229309082,565.8333632946014,1.2300725289013075,2.5560803413391113,17.164780616760254,542.1226534843445,0.1663532257080078,0.18724870681762695,0.16557979583740234,0.0003599560779073964,38.46822643280029,0.0005533695220947266,0.7687628269195557,672.0928134918213
49,49.0,67.4032416343689,56.0923969745636,11.302128553390503,5.84499454498291,2.493834972381592,0.002019166946411133,602.7433571815491,1.3103116460468458,2.49755859375,17.1538565158844,579.5039026737213,0.15671110153198242,0.17388463020324707,0.15359210968017578,0.00033389589060907777,1.798255205154419,0.0006208419799804688,0.7687759399414062,672.0990669727325
50,50.0,67.00253033638,58.093085527420044,8.900795698165894,3.8385488986968994,2.688051223754883,0.002221822738647461,562.8789649009705,1.2236499236977618,2.8539605140686035,17.2754123210907,539.2101044654846,0.16896486282348633,0.1922008991241455,0.16788983345031738,0.0003649778988050378,42.04444980621338,0.0006680488586425781,0.7686600685119629,672.0945029258728
51,51.0,68.77314043045044,56.73294687271118,12.030877828598022,5.204548358917236,3.0096659660339355,0.002030611038208008,596.1697943210602,1.2960212920023046,2.6493568420410156,17.119529485702515,570.1035594940186,0.15922307968139648,0.17793011665344238,0.16378378868103027,0.00035605171452397885,6.989655256271362,0.0005342960357666016,0.7688198089599609,672.0969080924988
52,52.0,66.04301619529724,58.06741499900818,7.966300010681152,3.867892026901245,2.0937933921813965,0.0020134449005126953,560.90909075737,1.2193675886029782,2.99652099609375,15.436071157455444,535.327094078064,0.16614151000976562,0.18577837944030762,0.16606783866882324,0.00036101704058439835,44.97656297683716,0.0005743503570556641,0.7687540054321289,672.0953121185303
53,53.0,69.89961457252502,60.282212257385254,9.60984492301941,1.6530683040618896,3.2755043506622314,0.00890803337097168,599.9601204395294,1.3042611313902814,2.94752836227417,8.693289995193481,579.800194978714,0.15650296211242676,0.17475628852844238,0.15580177307128906,0.00033869950667671537,2.079385280609131,0.0005373954772949219,0.7688350677490234,672.0954594612122
54,54.0,67.93425941467285,58.06194567680359,9.862901449203491,3.871432304382324,3.2007036209106445,0.0035376548767089844,558.5025672912598,1.2141360158505647,2.7692384719848633,8.00439453125,541.8065493106842,0.16781949996948242,0.19705414772033691,0.16811060905456543,0.0003654578457707944,45.488301515579224,0.00099945068359375,0.768317699432373,672.09423828125
55,55.0,68.72612357139587,55.82558083534241,12.8918137550354,6.107982873916626,3.2337090969085693,0.007655620574951172,596.1543774604797,1.2959877770879995,3.092081069946289,7.758322715759277,580.3754737377167,0.1591806411743164,0.17347359657287598,0.1558854579925537,0.00033888143041859505,7.0600128173828125,0.0006952285766601562,0.7686359882354736,672.0970945358276
56,56.0,67.46339917182922,54.914421796798706,12.539639234542847,7.086264133453369,2.1017351150512695,0.0041904449462890625,559.7217152118683,1.216786337417105,3.037632703781128,8.394129276275635,542.8956520557404,0.1705474853515625,0.19371628761291504,0.1697070598602295,0.0003689283910004989,44.74649238586426,0.0005390644073486328,0.7688164710998535,672.1018528938293
57,57.0,66.88992404937744,60.28612565994263,6.596299886703491,1.5759556293487549,2.3011443614959717,0.0019752979278564453,598.5006966590881,1.3010884709980177,2.975456953048706,4.130861520767212,587.3089392185211,0.1605978012084961,0.17647933959960938,0.15647578239440918,0.00034016474433567215,6.5537309646606445,0.0005972385406494141,0.7705142498016357,672.1014246940613
58,58.0,66.51201248168945,36.99762201309204,29.505709648132324,24.942927360534668,2.263566732406616,0.0019092559814453125,560.1411824226379,1.2176982226579085,2.8479583263397217,4.096858263015747,548.5688869953156,0.1647498607635498,0.1847531795501709,0.16089129447937012,0.0003497636836508046,45.28500747680664,0.0006866455078125,0.7686679363250732,672.0997803211212
59,59.0,66.98303389549255,60.27086663246155,6.7048280239105225,1.6628611087799072,2.814796209335327,0.0018157958984375,593.5473229885101,1.2903202673663263,2.6856753826141357,4.045797824859619,579.7220597267151,0.15808463096618652,0.17624115943908691,0.15661907196044922,0.0003404762433922809,11.41653323173523,0.0004634857177734375,0.768779993057251,672.1039726734161
60,60.0,66.22778749465942,58.067209243774414,8.151220798492432,3.793198347091675,1.8396658897399902,0.001961946487426758,565.9081199169159,1.2302350432976432,2.9148824214935303,7.186300277709961,550.8138823509216,0.17313909530639648,0.1943826675415039,0.16891837120056152,0.0003672138504360033,39.797343730926514,0.0005729198455810547,0.7687869071960449,672.102742433548
61,61.0,68.67749738693237,58.04809927940369,10.620025634765625,3.88930606842041,3.3178822994232178,0.007694244384765625,601.5271904468536,1.307667805319247,2.767866373062134,11.236839056015015,581.0931468009949,0.15943169593811035,0.17614412307739258,0.15640974044799805,0.0003400211748869523,1.7386305332183838,0.00047016143798828125,0.7688660621643066,672.1001982688904
62,62.0,67.88203716278076,58.085408210754395,9.78717589378357,3.7746260166168213,2.909479856491089,0.002001047134399414,564.5359704494476,1.2272521096727123,2.3785128593444824,10.055266380310059,547.1412544250488,0.17069172859191895,0.1921393871307373,0.1667168140411377,0.0003624278566111689,39.51447010040283,0.0006990432739257812,0.7686688899993896,672.0998935699463
63,63.0,67.9793484210968,58.067147731781006,9.902915954589844,3.8709640502929688,2.717289447784424,0.0019631385803222656,591.2624027729034,1.285353049506312,2.663951873779297,11.105088710784912,572.7696526050568,0.1598188877105713,0.1730659008026123,0.15631318092346191,0.0003398112628770911,12.702639818191528,0.0006191730499267578,0.7687692642211914,672.1013233661652
64,64.0,67.39667105674744,58.050217390060425,9.336628675460815,3.8122646808624268,2.5616843700408936,0.0020592212677001953,565.6323688030243,1.2296355843544007,3.1993446350097656,10.842692136764526,546.7277488708496,0.17020559310913086,0.18800902366638184,0.16552400588989258,0.00035983479541280996,38.90646314620972,8.249282836914062e-05,0.7692863941192627,672.1011095046997
65,65.0,66.53098368644714,60.233047008514404,6.29052996635437,1.7613377571105957,2.7084295749664307,0.0019750595092773438,596.4740445613861,1.2966827055682306,2.791701078414917,19.25409770011902,567.788407087326,0.1568455696105957,0.18154263496398926,0.15444231033325195,0.00033574415289837383,8.940831422805786,0.0006191730499267578,0.7687163352966309,672.1009211540222
66,66.0,65.90038657188416,55.54982852935791,10.340385437011719,6.3940160274505615,2.019327163696289,0.006444215774536133,564.9112265110016,1.2280678837195687,2.969654083251953,14.612468481063843,542.4701457023621,0.16721653938293457,0.18545818328857422,0.16875052452087402,0.0003668489663497261,41.121681690216064,0.000514984130859375,0.7688522338867188,672.1025602817535
67,67.0,68.01287364959717,58.07171607017517,9.931848764419556,3.7908620834350586,2.835444211959839,0.0018286705017089844,591.1345069408417,1.2850750150887862,3.1444313526153564,16.46187710762024,565.5341053009033,0.15797901153564453,0.17532777786254883,0.15802836418151855,0.000343539922133736,12.797126054763794,0.0005373954772949219,0.768794059753418,672.1030724048615
68,68.0,65.90884566307068,57.98669910430908,7.9125659465789795,4.012824058532715,2.035759687423706,0.0020456314086914062,561.345073223114,1.220315376571987,2.774364948272705,12.262489080429077,542.2913014888763,0.17569708824157715,0.19600772857666016,0.17183470726013184,0.0003735537114350692,44.67505121231079,8.654594421386719e-05,0.769270658493042,672.1008913516998
69,69.0,68.34437346458435,60.26280236244202,8.07407283782959,1.6052494049072266,3.297416925430298,0.006266117095947266,601.8373703956604,1.3083421095557835,2.6549148559570312,8.370292663574219,584.9903275966644,0.1582622528076172,0.17796826362609863,0.15899348258972168,0.0003456380056298297,1.763366937637329,0.000560760498046875,0.7689323425292969,672.1046650409698
70,70.0,65.60993456840515,55.485902070999146,10.114678859710693,6.485986232757568,2.081230401992798,0.001999378204345703,565.1903455257416,1.2286746641863948,2.6853644847869873,9.082008600234985,548.5928070545197,0.16832470893859863,0.19338512420654297,0.1706860065460205,0.0003710565359696098,41.12972283363342,0.0006136894226074219,0.768747091293335,672.1013026237488
71,71.0,69.84434175491333,60.22170305252075,9.615180253982544,1.7236661911010742,3.1951630115509033,0.0020143985748291016,599.3246266841888,1.3028796232264974,2.523299217224121,9.820107460021973,581.9042174816132,0.15839362144470215,0.17789006233215332,0.1565859317779541,0.0003404041995172915,2.7756612300872803,0.0004742145538330078,0.768620491027832,672.1016898155212
72,72.0,66.32551670074463,55.57309913635254,10.742756605148315,6.282893657684326,2.6255385875701904,0.0020246505737304688,559.143075466156,1.2155284249264262,5.08141565322876,6.709149122238159,539.2594575881958,0.16572093963623047,0.1905379295349121,0.16891837120056152,0.0003672138504360033,46.466500759124756,0.0005519390106201172,0.7688076496124268,672.1045632362366
73,73.0,67.67113375663757,55.68394756317139,11.978090524673462,6.246011734008789,2.1591320037841797,0.0020842552185058594,585.8528439998627,1.2735931391301363,2.806493043899536,4.391583681106567,572.8472979068756,0.15726685523986816,0.1778407096862793,0.15625905990600586,0.0003396936084913171,18.422787189483643,0.0006647109985351562,0.7687313556671143,672.1036887168884
74,74.0,65.3783028125763,55.74216032028198,9.627361536026001,6.11157488822937,1.8614459037780762,0.0019979476928710938,556.5719714164734,1.2099390682966813,2.895399808883667,3.948167085647583,543.9320342540741,0.16932153701782227,0.19397330284118652,0.16614818572998047,0.00036119170810865317,49.98400568962097,0.0005078315734863281,0.7688655853271484,672.1009359359741
75,75.0,68.09376692771912,60.21057724952698,7.875758409500122,1.7308099269866943,2.7361204624176025,0.0019404888153076172,595.4925246238708,1.2945489665736323,2.7691781520843506,4.6240339279174805,582.4135885238647,0.16016268730163574,0.17779207229614258,0.1573648452758789,0.00034209748973017154,8.354915618896484,0.0004405975341796875,0.7688791751861572,672.0990126132965
76,76.0,66.53872108459473,55.021427631378174,11.508110761642456,6.981756687164307,1.985621452331543,0.003111124038696289,564.3914539813995,1.2269379434378251,2.9665966033935547,5.807258367538452,550.9225046634674,0.1690046787261963,0.18949103355407715,0.16806459426879883,0.00036535781362782355,41.0024197101593,0.0007100105285644531,0.7686464786529541,672.1013693809509
77,77.0,69.48301959037781,60.260024070739746,9.21558165550232,1.6831934452056885,3.290834665298462,0.02043628692626953,595.4600863456726,1.2944784485775491,2.7348175048828125,11.145172834396362,576.6955580711365,0.15518784523010254,0.17300128936767578,0.1509723663330078,0.00032820079637610396,7.007505893707275,0.0006124973297119141,0.7687337398529053,672.1021966934204
78,78.0,65.4089629650116,55.276408195495605,10.123497486114502,6.587274551391602,1.9753119945526123,0.0018575191497802734,565.2414407730103,1.2287857408108918,2.9380531311035156,12.793487548828125,544.3435246944427,0.16971707344055176,0.19245672225952148,0.16732001304626465,0.0003637391587962275,41.286174297332764,0.0005846023559570312,0.7687718868255615,672.1044826507568
79,79.0,68.067800283432,60.2833251953125,7.777617454528809,1.5811519622802734,2.7205731868743896,0.0017054080963134766,598.0222282409668,1.3000483222629713,2.9225878715515137,10.100247859954834,577.0982565879822,0.1587235927581787,0.17476868629455566,0.15446090698242188,0.0003357845803965693,5.855687618255615,0.0005633831024169922,0.7687616348266602,672.1007404327393
80,80.0,69.65003705024719,55.20615816116333,14.4344162940979,6.80107855796814,2.8459839820861816,0.00205230712890625,557.497307062149,1.211950667526411,2.5012171268463135,15.276329278945923,534.3936228752136,0.16823148727416992,0.19102215766906738,0.16422581672668457,0.0003570126450580099,44.78942799568176,0.0005326271057128906,0.7688229084014893,672.1015305519104
81,81.0,68.08849334716797,60.253963470458984,7.827069997787476,1.6793608665466309,2.645284652709961,0.0019655227661132812,601.9966518878937,1.308688373669334,2.9502124786376953,17.58229160308838,576.6674041748047,0.15763354301452637,0.1744825839996338,0.1549670696258545,0.0003368849339692489,1.860752820968628,0.0013885498046875,0.7680745124816895,672.1022536754608
82,82.0,67.31516242027283,58.01984190940857,9.2865309715271,3.921959400177002,2.3360543251037598,0.002022266387939453,563.3157343864441,1.2245994225792263,7.66984748840332,16.114731311798096,532.8285908699036,0.16624045372009277,0.18570804595947266,0.16196608543395996,0.0003521001857259999,41.31027007102966,0.0005512237548828125,0.7687900066375732,672.1036841869354
83,83.0,66.91101717948914,60.244301319122314,6.659325361251831,1.621155023574829,2.262761116027832,0.0017387866973876953,603.1713972091675,1.3112421678460162,2.5818538665771484,17.09006094932556,578.1572785377502,0.16057276725769043,0.1751115322113037,0.15676307678222656,0.00034078929735266645,1.8625328540802002,0.0005331039428710938,0.7688155174255371,672.1022434234619
84,84.0,65.55911493301392,60.30052947998047,5.251054525375366,1.1106815338134766,2.208531618118286,0.001962423324584961,563.3441987037659,1.2246613015299257,3.571873664855957,15.500930309295654,540.2627484798431,0.17144989967346191,0.18547916412353516,0.1657257080078125,0.0003602732782778533,42.585489988327026,0.0004093647003173828,0.7689144611358643,671.6549386978149
85,85.0,67.65397310256958,56.212512731552124,11.432053565979004,5.204487085342407,3.272266387939453,0.002272367477416992,597.099526643753,1.29804244922555,5.598517656326294,8.22281551361084,577.1813530921936,0.15417766571044922,0.1741809844970703,0.15261340141296387,0.0003317682639412258,6.749776124954224,0.0010986328125,0.7682418823242188,671.6569879055023
86,86.0,66.14354705810547,60.19130253791809,5.945408821105957,1.273866891860962,2.1698875427246094,0.0039026737213134766,560.3545365333557,1.2181620359420777,4.966733694076538,9.102254390716553,541.7447371482849,0.1657240390777588,0.182631254196167,0.16096782684326172,0.0003499300583549168,44.98945641517639,0.0004150867462158203,0.7689037322998047,671.648922920227
87,87.0,69.29802107810974,60.40493083000183,8.885684967041016,1.067267894744873,3.2943453788757324,0.015961170196533203,600.5322411060333,1.3055048719696376,4.481778144836426,8.552183389663696,581.2332854270935,0.15888142585754395,0.17649126052856445,0.1569216251373291,0.00034113396768984587,1.6669933795928955,0.00043702125549316406,0.7686786651611328,671.6546142101288
88,88.0,67.96240949630737,60.433661460876465,7.521233558654785,1.118941068649292,3.1797749996185303,0.007395029067993164,558.049402475357,1.2131508749464284,6.509340286254883,5.015760183334351,541.4364733695984,0.16944313049316406,0.18466854095458984,0.16610431671142578,0.0003610963406770126,45.47019124031067,0.00038552284240722656,0.7689235210418701,671.6484930515289
89,89.0,66.78262329101562,55.204949140548706,11.568640232086182,6.24198579788208,2.45644474029541,0.0019936561584472656,597.6478598117828,1.2992344778517018,4.0854432582855225,4.205571889877319,583.6148891448975,0.161299467086792,0.17562627792358398,0.15694451332092285,0.00034118372461070185,7.060444116592407,0.0003972053527832031,0.7689211368560791,671.6482689380646
90,90.0,65.62224340438843,60.40156292915344,5.2132368087768555,1.1264851093292236,2.4566664695739746,0.002148151397705078,560.742360830307,1.219005132239798,4.4860734939575195,3.942595958709717,545.6851842403412,0.16910290718078613,0.18489289283752441,0.16332745552062988,0.0003550596859144128,45.12287974357605,0.00038504600524902344,0.7689402103424072,671.6511964797974
91,91.0,66.76282167434692,60.33834171295166,6.417090177536011,1.0734171867370605,2.205106496810913,0.0020880699157714844,592.3028812408447,1.2876149592192276,5.1703574657440186,4.015697240829468,579.0320208072662,0.15820860862731934,0.17707514762878418,0.15877628326416016,0.00034516583318295685,12.427648782730103,0.000362396240234375,0.7688782215118408,671.6524903774261
92,92.0,64.21407699584961,57.608023166656494,6.596701622009277,3.800356388092041,1.6805977821350098,0.0026013851165771484,553.2131614685059,1.2026373075402301,4.515085458755493,6.2650182247161865,536.3352074623108,0.16570186614990234,0.185837984085083,0.16447043418884277,0.0003575444221496582,54.05741024017334,0.0010254383087158203,0.7682850360870361,671.6501445770264
93,93.0,68.22675395011902,55.226391077041626,12.99109411239624,6.18656325340271,3.189377546310425,0.002008676528930664,601.1931924819946,1.3069417227869449,4.6332995891571045,10.838227987289429,580.4766700267792,0.15874838829040527,0.1793375015258789,0.1593770980834961,0.0003464719523554263,2.071755886077881,0.0011191368103027344,0.7682492733001709,671.6521985530853
94,94.0,66.00482940673828,55.62592267990112,10.369638204574585,5.829758882522583,2.127790927886963,0.0018739700317382812,560.6315641403198,1.2187642698702605,4.447787523269653,9.8105628490448,540.9499757289886,0.1624927520751953,0.18251800537109375,0.1648108959197998,0.0003582845563473909,44.849427461624146,0.0010900497436523438,0.7682363986968994,671.6517219543457
95,95.0,66.2791895866394,55.86209416389465,10.407884120941162,5.551367998123169,2.655700445175171,0.002048969268798828,592.7744073867798,1.288640016058217,5.062005281448364,13.246612787246704,568.8781638145447,0.15920495986938477,0.17975807189941406,0.1608142852783203,0.0003495962723441746,12.440449237823486,0.0004277229309082031,0.7689151763916016,671.6552882194519
96,96.0,66.5602855682373,57.59724736213684,8.95385456085205,3.8155746459960938,2.7158703804016113,0.0018606185913085938,563.3397295475006,1.2246515859728273,4.500030279159546,18.488470315933228,535.674400806427,0.16846346855163574,0.18338465690612793,0.16162776947021484,0.0003513647162395975,41.59135174751282,0.0004086494445800781,0.7689008712768555,671.6534032821655
97,97.0,69.17083191871643,60.303781032562256,8.859622716903687,1.2584598064422607,3.42704701423645,0.0019617080688476562,601.8228900432587,1.3083106305288232,4.991894960403442,14.969396114349365,576.9683661460876,0.15926313400268555,0.17522764205932617,0.15413498878479004,0.0003350760625756305,0.5069482326507568,0.0004329681396484375,0.7691597938537598,671.6552381515503
98,98.0,66.06689357757568,60.3121235370636,5.747308731079102,1.095759391784668,2.115931272506714,0.0058252811431884766,566.4361667633057,1.2313829712245776,5.013242483139038,18.295047998428345,538.9928319454193,0.1685330867767334,0.18719482421875,0.16723346710205078,0.0003635510154392408,38.98439383506775,0.0004029273986816406,0.7689414024353027,671.6550905704498
99,99.0,69.97530388832092,55.88039016723633,14.086045026779175,5.530743837356567,3.28525710105896,0.0020461082458496094,590.1210732460022,1.2828718983608745,4.862650156021118,16.767409801483154,562.9078757762909,0.15816020965576172,0.1756761074066162,0.15692472457885742,0.0003411407056062118,11.399308204650879,0.0004391670227050781,0.7699966430664062,671.6530492305756
100,100.0,65.9403703212738,60.43367028236389,5.499239683151245,1.1263306140899658,2.0995028018951416,0.004656314849853516,563.4676969051361,1.2249297758807307,5.335003614425659,10.530486583709717,542.1359839439392,0.17223715782165527,0.1894698143005371,0.16821622848510742,0.0003656874532284944,42.079665660858154,0.0010218620300292969,0.7682898044586182,671.6569709777832
101,101.0,66.9414701461792,60.28306317329407,6.651050090789795,1.274864912033081,2.7143709659576416,0.0021638870239257812,596.5856730937958,1.2969253762908604,5.138108491897583,7.892318964004517,578.0683724880219,0.1595900058746338,0.17950105667114258,0.15964460372924805,0.0003470534863679305,7.963209867477417,0.0004036426544189453,0.7689046859741211,671.6504013538361
102,102.0,64.67127656936646,60.424067974090576,4.238297462463379,1.0718364715576172,1.7983345985412598,0.0020427703857421875,567.3221001625061,1.2333089133967523,5.264621019363403,8.436267614364624,548.9688527584076,0.16921496391296387,0.1853489875793457,0.16043853759765625,0.0003487794295601223,39.502076148986816,0.0004162788391113281,0.7689104080200195,671.6563076972961
103,103.0,68.79755425453186,60.39480209350586,8.395204544067383,1.0178139209747314,3.1874654293060303,0.002026796340942383,594.7175190448761,1.2928641718366871,4.4277026653289795,8.536721467971802,575.9177250862122,0.1587517261505127,0.1819310188293457,0.16079044342041016,0.00034954444221828296,7.977405071258545,0.00038313865661621094,0.7689003944396973,671.6536519527435
104,104.0,65.97430682182312,57.59383249282837,8.371458053588867,3.877758026123047,2.1492116451263428,0.003233194351196289,555.0149071216583,1.2065541459166484,4.426016330718994,4.112755537033081,541.4429886341095,0.1677708625793457,0.18254685401916504,0.1620934009552002,0.0003523769585982613,50.49825310707092,0.00039315223693847656,0.7689316272735596,671.6499536037445
105,105.0,69.63324904441833,60.400996923446655,9.224719762802124,1.0165352821350098,3.2823755741119385,0.002713918685913086,597.494148015976,1.2989003217738608,4.487624406814575,4.704813718795776,583.4251987934113,0.15591073036193848,0.17604875564575195,0.15343427658081055,0.0003335527751756751,4.374837398529053,0.0003764629364013672,0.768916130065918,671.6560451984406
106,106.0,69.10149478912354,60.41603374481201,8.678005933761597,1.1324021816253662,3.2333223819732666,0.020282745361328125,559.0401341915131,1.2153046395467675,5.689242839813232,4.333397626876831,544.0022308826447,0.1640167236328125,0.17878293991088867,0.1585080623626709,0.00034458274426667587,43.35361194610596,0.00040078163146972656,0.7689087390899658,671.6541497707367
107,107.0,67.62560200691223,60.37726664543152,7.240901947021484,1.1831636428833008,2.117872714996338,0.0029485225677490234,596.9485664367676,1.2977142748625383,5.076979160308838,6.077043294906616,581.9800465106964,0.16003203392028809,0.17766809463500977,0.1593940258026123,0.00034650875174480934,6.920585632324219,0.0003674030303955078,0.7688989639282227,671.654515504837
108,108.0,66.47411298751831,60.34891366958618,6.117683410644531,1.209826946258545,1.9212019443511963,0.0025589466094970703,563.7775664329529,1.225603405289028,4.489801645278931,11.73084568977356,542.9453628063202,0.17080974578857422,0.18611454963684082,0.1689777374267578,0.0003673429074494735,41.23321557044983,0.00043082237243652344,0.7688984870910645,671.6543035507202
109,109.0,67.65929341316223,55.666475772857666,11.984148025512695,5.7472124099731445,2.665741205215454,0.0019562244415283203,598.377837896347,1.3008213867311893,4.528284549713135,11.735750913619995,576.7878954410553,0.16122841835021973,0.1766672134399414,0.15543031692504883,0.00033789199331532354,5.459607124328613,0.0010824203491210938,0.7682592868804932,671.6532511711121
110,110.0,65.64819097518921,60.38634419441223,5.254716396331787,1.1613945960998535,2.0624847412109375,0.0018570423126220703,563.2089228630066,1.2243672236152316,4.3333213329315186,12.400217533111572,541.5616474151611,0.17365598678588867,0.1930408477783203,0.17141461372375488,0.0003726404646168584,42.624136447906494,0.0003840923309326172,0.7689321041107178,671.653048992157
111,111.0,67.4630880355835,55.954655170440674,11.499637365341187,5.462030649185181,2.725187063217163,0.001977682113647461,597.3223915100098,1.2985269380652387,4.742446660995483,13.656541347503662,574.1043021678925,0.15860700607299805,0.1768479347229004,0.15688776969909668,0.00034106036891107976,6.713668346405029,0.0004115104675292969,0.7689235210418701,671.6564471721649
112,112.0,67.12704348564148,60.925872802734375,6.193773984909058,1.2312512397766113,2.1765613555908203,0.002227783203125,565.7098445892334,1.2298040099765943,4.715764999389648,17.133166551589966,538.1565010547638,0.1715080738067627,0.1925349235534668,0.16939043998718262,0.0003682400869286579,39.28087544441223,0.0006108283996582031,0.7687199115753174,672.287764787674
113,113.0,67.08890700340271,61.0370888710022,6.044392824172974,1.1459650993347168,2.6572422981262207,0.0019426345825195312,600.2540714740753,1.3049001553784245,4.279811143875122,16.66891622543335,574.200014591217,0.15863680839538574,0.17725729942321777,0.15905022621154785,0.00034576136132945186,4.785847425460815,0.000621795654296875,0.7687063217163086,672.2884979248047
114,114.0,65.97630333900452,61.061521768569946,4.907360553741455,1.0584979057312012,2.2856149673461914,0.0020143985748291016,563.8819246292114,1.2258302709330684,3.838297128677368,14.116762638092041,541.2815794944763,0.17750310897827148,0.1943037509918213,0.1675572395324707,0.0003642548685488494,42.263274908065796,0.0006606578826904297,0.7686755657196045,672.2897207736969
115,115.0,70.26877212524414,61.323617696762085,8.93825364112854,0.7887206077575684,3.3180618286132812,0.012048006057739258,600.1558244228363,1.304686574832253,7.670945167541504,15.811328172683716,569.8359131813049,0.15838885307312012,0.1722402572631836,0.15386605262756348,0.00033449141875557277,1.7104363441467285,0.0006392002105712891,0.7686595916748047,672.2895381450653
116,116.0,67.08760929107666,58.303640365600586,8.774383306503296,3.8817155361175537,2.0919244289398193,0.006364583969116211,557.0304937362671,1.2109358559484067,4.295382022857666,8.614246129989624,538.8764495849609,0.1717228889465332,0.1916959285736084,0.16760635375976562,0.00036436163860818614,48.00365877151489,0.0006885528564453125,0.7686417102813721,672.2900567054749
117,117.0,68.34453749656677,61.37394881248474,6.9631335735321045,0.6753978729248047,2.9218733310699463,0.0019252300262451172,600.6961736679077,1.3058612471041473,5.266188621520996,7.631724834442139,581.9993205070496,0.15656542778015137,0.17482995986938477,0.155045747756958,0.0003370559733846913,3.0922939777374268,0.0005755424499511719,0.7687220573425293,672.2886264324188
118,118.0,67.04080295562744,56.59494709968567,10.43669056892395,5.4401984214782715,2.100870132446289,0.004638195037841797,562.8146331310272,1.2235100720239722,5.753220796585083,7.600548505783081,544.2226617336273,0.16814279556274414,0.18615293502807617,0.158919095993042,0.0003454762956370478,42.27597141265869,0.0006532669067382812,0.7686774730682373,672.2909798622131
119,119.0,69.43770480155945,61.06222677230835,8.368048906326294,0.9918506145477295,3.347050189971924,0.0544893741607666,594.5572710037231,1.292515806529833,4.805114030838013,8.563668727874756,576.3768742084503,0.15477609634399414,0.17129802703857422,0.15067219734191895,0.00032754825509112817,8.1436927318573,0.0003628730773925781,0.7688939571380615,672.2897036075592
120,120.0,66.27393794059753,58.29671025276184,7.96852445602417,3.848010301589966,2.118654489517212,0.0027015209197998047,563.417515039444,1.2248206848683565,4.668502330780029,6.391098737716675,547.5087330341339,0.17114615440368652,0.19174456596374512,0.16504287719726562,0.00035878886347231656,42.434650182724,0.007069826126098633,0.7622501850128174,672.2982158660889
121,121.0,68.27197265625,61.140815019607544,7.1246912479400635,0.9908797740936279,3.204538106918335,0.003964662551879883,598.9727277755737,1.3021146255990734,4.668187618255615,4.1851770877838135,585.0194625854492,0.15375518798828125,0.1740729808807373,0.1532132625579834,0.00033307230990865957,4.890264511108398,0.0006127357482910156,0.7686772346496582,672.2887909412384
122,122.0,68.01230931282043,55.77608895301819,12.227433443069458,6.276419639587402,2.9159860610961914,0.0020301342010498047,562.0235493183136,1.2217903246050295,5.123498439788818,4.090561866760254,547.2004618644714,0.167466402053833,0.18627595901489258,0.16588759422302246,0.0003606252048326575,42.08864235877991,0.0005028247833251953,0.7688460350036621,672.2908914089203
123,123.0,69.3387656211853,61.13596534729004,8.195292234420776,0.9936678409576416,3.200551748275757,0.0037424564361572266,590.1001722812653,1.2828264614810114,4.5595762729644775,6.392940044403076,574.3948786258698,0.16007399559020996,0.17861580848693848,0.15908455848693848,0.0003458359967107358,12.69002079963684,0.0005099773406982422,0.7684979438781738,672.288553237915
124,124.0,67.10949373245239,58.272958755493164,8.82845687866211,3.7954423427581787,2.5634818077087402,0.0019958019256591797,561.5645368099213,1.2207924713259157,5.241506576538086,8.431842803955078,541.0237500667572,0.16881871223449707,0.18581533432006836,0.16974616050720215,0.0003690133924069612,43.44751858711243,0.0005319118499755859,0.7687864303588867,672.2918272018433
125,125.0,70.23511672019958,61.373729944229126,8.854022741317749,0.761383056640625,3.3207366466522217,0.010200023651123047,599.9567465782166,1.3042537969091663,4.6998512744903564,14.193626642227173,575.2889502048492,0.16082429885864258,0.1756117343902588,0.1599586009979248,0.0003477360891259235,1.9392783641815186,0.0005481243133544922,0.7688212394714355,672.2916483879089
126,126.0,66.55966854095459,55.21760129928589,11.33284068107605,6.838515996932983,2.6131415367126465,0.0018444061279296875,566.7471914291382,1.2320591118024744,4.691173315048218,13.885503053665161,542.9490015506744,0.16329169273376465,0.18426513671875,0.1604452133178711,0.0003487939419953719,38.82224130630493,0.0006501674652099609,0.768683671951294,672.2901966571808
127,127.0,66.91478204727173,61.37667274475098,5.530672550201416,0.6728715896606445,2.1982624530792236,0.002106904983520508,600.3841500282288,1.3051829348439756,4.561423063278198,12.079774379730225,579.4129722118378,0.15839481353759766,0.17342090606689453,0.15698981285095215,0.000341282201849896,4.830862283706665,0.000553131103515625,0.7687575817108154,672.2873373031616
128,128.0,66.06055188179016,58.30482530593872,7.746396064758301,3.749006509780884,2.197627067565918,0.002185821533203125,565.0255501270294,1.2283164133196292,4.530513048171997,15.344746351242065,540.2011227607727,0.16982460021972656,0.18802952766418457,0.17600131034851074,0.00038261154423589294,41.02816152572632,8.845329284667969e-05,0.7692666053771973,672.2903532981873
129,129.0,68.43307662010193,61.377132177352905,7.048556566238403,0.7554240226745605,3.164853572845459,0.0019745826721191406,594.7696504592896,1.2929775009984557,4.766368627548218,17.04870343208313,567.9903063774109,0.1589808464050293,0.174360990524292,0.1566309928894043,0.0003405021584552267,8.931743621826172,0.0004999637603759766,0.7688267230987549,672.2916016578674
130,130.0,66.3754665851593,61.07717156410217,5.290907859802246,1.0549626350402832,1.9679019451141357,0.0019278526306152344,564.5253083705902,1.2272289312404134,4.129120826721191,16.72180724143982,537.6422972679138,0.16385769844055176,0.18216609954833984,0.15578627586364746,0.00033866581709488577,41.23400545120239,0.0005934238433837891,0.7687444686889648,672.2911601066589
131,131.0,67.57310938835144,61.34660625457764,6.2188944816589355,0.7688271999359131,3.1276447772979736,0.0018596649169921875,597.544291973114,1.2990093303763348,5.410329103469849,15.513735294342041,570.5909519195557,0.15973901748657227,0.1744227409362793,0.15456533432006836,0.0003360115963479747,7.015072345733643,0.0003981590270996094,0.7688865661621094,672.2874372005463
132,132.0,65.79400277137756,61.01752424240112,4.769070863723755,1.1144471168518066,2.092122793197632,0.001997709274291992,559.3752655982971,1.2160331860832545,5.246548891067505,12.117545127868652,536.5757186412811,0.17518305778503418,0.191270112991333,0.17165088653564453,0.00037315410116444466,46.9488570690155,9.202957153320312e-05,0.7692632675170898,672.2898683547974
133,133.0,70.19210433959961,61.243706703186035,8.941425561904907,0.8083035945892334,3.3887383937835693,0.007584571838378906,600.217161655426,1.3048199166422305,4.763237953186035,9.83681869506836,580.350916147232,0.15739703178405762,0.17550110816955566,0.1587998867034912,0.0003452171450075896,1.7217085361480713,0.010103464126586914,0.7592384815216064,672.2998778820038
134,134.0,66.2275972366333,60.95558953285217,5.264523029327393,1.1719141006469727,1.9431514739990234,0.0018916130065917969,560.8711314201355,1.2192850683046423,5.349906921386719,7.553287506103516,542.6136112213135,0.16783976554870605,0.18875479698181152,0.16418075561523438,0.0003569146861200747,45.02408194541931,0.0005016326904296875,0.7688455581665039,672.2874929904938
135,135.0,68.0524423122406,56.73336315155029,11.309657096862793,5.315257787704468,2.2594873905181885,0.0026810169219970703,602.2263312339783,1.309187676595605,4.464552164077759,8.972400188446045,582.217648267746,0.16127562522888184,0.17859244346618652,0.16173863410949707,0.00035160572632499364,1.8485682010650635,0.0005471706390380859,0.7687792778015137,672.2896275520325
136,136.0,66.68314909934998,55.139360666275024,11.534435272216797,6.915359258651733,2.38271427154541,0.001962900161743164,563.3634641170502,1.2273713815186278,5.0246968269348145,4.7247724533081055,548.3997957706451,0.17124032974243164,0.18593835830688477,0.1635439395904541,0.0003563048792820351,42.080384254455566,0.0006155967712402344,0.7703557014465332,672.2911570072174
137,137.0,68.22505617141724,61.36867666244507,6.848884582519531,0.8253247737884521,2.5300610065460205,0.0019443035125732422,601.9204933643341,1.311373623887438,4.771102666854858,4.308991432189941,586.5814926624298,0.15779757499694824,0.17580413818359375,0.15474796295166016,0.0003371415314850984,1.989337682723999,0.0003795623779296875,0.7689375877380371,672.2900147438049
138,138.0,65.55952429771423,60.987658977508545,4.5648791790008545,1.1297876834869385,1.6165790557861328,0.0022611618041992188,561.5538289546967,1.2234288212520625,6.417734622955322,4.294918775558472,545.863623380661,0.1699824333190918,0.19217324256896973,0.16968369483947754,0.00036968125237358943,45.00701951980591,0.0005462169647216797,0.7687723636627197,672.290602684021
139,139.0,67.65192246437073,61.28077745437622,6.364204406738281,0.8472609519958496,2.093332052230835,0.001996755599975586,602.3013789653778,1.3122034400117164,6.004003047943115,4.066909074783325,586.0190858840942,0.1573936939239502,0.17500710487365723,0.1551806926727295,0.0003380842977619379,2.1799750328063965,0.0005319118499755859,0.7687990665435791,672.2889890670776
140,140.0,66.16379523277283,55.75398802757263,10.401639938354492,5.974217176437378,2.1827192306518555,0.0018832683563232422,558.9398076534271,1.217733785737314,4.635919094085693,8.848627090454102,540.6179320812225,0.1680455207824707,0.18363738059997559,0.16726231575012207,0.0003644059166669326,46.55045437812805,0.0004448890686035156,0.7688841819763184,671.8217644691467
141,141.0,67.44236159324646,60.82546377182007,6.6094748973846436,0.8347604274749756,2.9438681602478027,0.00194549560546875,597.0794539451599,1.3008266970482787,5.309508800506592,11.710999011993408,576.1528985500336,0.15868639945983887,0.1755046844482422,0.15846514701843262,0.0003452399717177181,7.1364052295684814,0.0009865760803222656,0.7683584690093994,671.8176724910736
142,142.0,65.7056450843811,57.779456615448,7.916926145553589,3.806252956390381,2.19240140914917,0.0018918514251708984,562.8647141456604,1.22628478027377,5.29897141456604,10.30282711982727,542.1192531585693,0.16746759414672852,0.1865520477294922,0.16196966171264648,0.0003528750799839793,43.089548110961914,0.00047087669372558594,0.7688584327697754,671.8223478794098
143,143.0,66.62096452713013,60.291550159454346,6.3226096630096436,1.2925083637237549,2.208653688430786,0.002619504928588867,603.0472898483276,1.3138285181880776,5.225148916244507,13.482523679733276,578.823646068573,0.15977191925048828,0.17921733856201172,0.15902066230773926,0.00034645024467917047,1.9922983646392822,0.0005004405975341797,0.7704777717590332,671.8200738430023
144,144.0,65.9103102684021,60.823486328125,5.079231262207031,0.8805499076843262,2.0798184871673584,0.0026776790618896484,566.4353470802307,1.2340639369939668,4.037470817565918,16.112329959869385,541.5629587173462,0.16956233978271484,0.1896374225616455,0.17011761665344238,0.0003706266158027067,39.299808740615845,0.0004680156707763672,0.7688593864440918,671.8160517215729
145,145.0,66.82818007469177,60.7892632484436,6.031475305557251,0.805567741394043,2.736273765563965,0.001889944076538086,588.9124758243561,1.2830337163929326,4.719423532485962,14.781837701797485,564.3991405963898,0.16199779510498047,0.17963790893554688,0.16069316864013672,0.0003500940493249166,15.916369676589966,0.0004284381866455078,0.7689380645751953,671.8181471824646
146,146.0,65.51775670051575,55.1259024143219,10.382569074630737,6.446574687957764,1.8719804286956787,0.0018782615661621094,564.8730075359344,1.2306601471371121,5.683603763580322,17.857601165771484,535.5712373256683,0.17071795463562012,0.18699145317077637,0.16757655143737793,0.00036509052600735935,41.25648474693298,0.0005035400390625,0.7688093185424805,671.8153290748596
147,147.0,68.40782737731934,55.8307569026947,12.567803382873535,5.748619079589844,3.4105536937713623,0.00702667236328125,594.6000301837921,1.2954249023612028,4.794659614562988,16.923275470733643,567.6033589839935,0.15714097023010254,0.17685675621032715,0.15631842613220215,0.00034056301989586523,8.65349268913269,0.00044536590576171875,0.7688939571380615,671.8181140422821
148,148.0,67.80163311958313,60.52174162864685,7.2724504470825195,1.046612024307251,2.675227642059326,0.002040386199951172,561.4051637649536,1.22310493194979,5.13581395149231,9.043589115142822,541.5557789802551,0.16489315032958984,0.18418169021606445,0.1622180938720703,0.0003534163265186717,42.45236039161682,0.00046515464782714844,0.7688677310943604,671.8218405246735
149,149.0,70.28693962097168,60.47401237487793,9.806009531021118,1.1697394847869873,4.497733116149902,0.001974344253540039,589.8911035060883,1.2851658028455082,4.431492328643799,6.99617338180542,573.1958651542664,0.15805387496948242,0.17650985717773438,0.15508460998535156,0.0003378749672883476,11.487596035003662,0.0006303787231445312,0.768700122833252,671.8213541507721
150,150.0,65.76960921287537,60.88806438446045,4.87408971786499,0.8382349014282227,1.9200458526611328,0.003002643585205078,563.092045545578,1.226780055654854,4.47132420539856,9.234807252883911,543.5399158000946,0.16854476928710938,0.1847827434539795,0.16446781158447266,0.000358317672297326,42.792449951171875,0.0004820823669433594,0.7688488960266113,671.8190546035767
151,151.0,67.25375938415527,60.61883497238159,6.62754487991333,0.9609029293060303,3.145458698272705,0.0021409988403320312,596.4846720695496,1.2995308759685176,4.336388826370239,7.975978136062622,578.7611594200134,0.1607990264892578,0.17731428146362305,0.16002225875854492,0.0003486323720229737,7.921824216842651,0.00042510032653808594,0.7688591480255127,671.8207030296326
152,152.0,66.66784811019897,57.79323434829712,8.865943908691406,3.778963565826416,2.2482547760009766,0.004355669021606445,556.3850309848785,1.2121678234964675,4.124317169189453,4.021970748901367,542.5151991844177,0.16519594192504883,0.181959867477417,0.1636056900024414,0.0003564394117700249,48.60248565673828,0.0010123252868652344,0.768317461013794,671.8199827671051
153,153.0,68.42715287208557,60.741694927215576,7.678081035614014,0.9703090190887451,2.8973636627197266,0.001943826675415039,599.7117257118225,1.3065614939255392,4.339102268218994,4.12342381477356,585.6250088214874,0.15801525115966797,0.17559289932250977,0.15697860717773438,0.000342001322827308,3.5247814655303955,0.0004334449768066406,0.7688741683959961,671.821072101593
154,154.0,66.56954073905945,54.102829933166504,12.4574556350708,7.553152799606323,2.1523332595825195,0.005131721496582031,564.8133654594421,1.2305302079726408,4.62993597984314,3.8126883506774902,551.6387569904327,0.1709153652191162,0.18752241134643555,0.1617727279663086,0.00035244603042768757,40.273441314697266,0.0004544258117675781,0.7688655853271484,671.8185746669769
155,155.0,69.25713920593262,60.77632808685303,8.473331928253174,0.886155366897583,3.3499343395233154,0.0018956661224365234,597.7549965381622,1.3022984674034035,4.136018753051758,5.5889506340026855,583.506847858429,0.15987777709960938,0.1789708137512207,0.16152358055114746,0.00035190322560162845,4.648343563079834,0.00044989585876464844,0.7688357830047607,671.8224527835846
156,156.0,67.18486404418945,60.743470668792725,6.433883190155029,0.9683306217193604,2.465115785598755,0.002126455307006836,563.0494062900543,1.2266871596733209,4.0975096225738525,13.127562522888184,539.0287275314331,0.16977524757385254,0.18711280822753906,0.16623497009277344,0.00036216769083392906,41.41734004020691,0.0004858970642089844,0.7688403129577637,671.8183312416077
157,157.0,67.79289865493774,60.776527643203735,7.008941411972046,0.9011898040771484,3.207700729370117,0.012173891067504883,596.5604033470154,1.2996958678584214,5.0077338218688965,9.773074626922607,577.4064853191376,0.15720415115356445,0.1781613826751709,0.15836048126220703,0.00034501194174772775,7.3054282665252686,0.0005240440368652344,0.7688183784484863,671.8176147937775
158,158.0,65.28661608695984,60.901469230651855,4.377774715423584,0.7568697929382324,1.8597402572631836,0.00196075439453125,563.9161796569824,1.2285755548082407,5.469249963760376,11.052107334136963,543.0978887081146,0.16988468170166016,0.18880009651184082,0.16768765449523926,0.0003653325805996498,42.444260120391846,0.0010180473327636719,0.7683334350585938,671.8157615661621
159,159.0,69.7115867137909,60.500529527664185,9.203677892684937,1.181490182876587,3.500058174133301,0.0018529891967773438,595.670886516571,1.2977579226940545,5.639031410217285,15.483843326568604,568.5596005916595,0.15771174430847168,0.1735997200012207,0.15193533897399902,0.0003310138104008693,6.281853199005127,0.00037741661071777344,0.7689485549926758,671.8166391849518
160,160.0,66.14984679222107,57.77329993247986,8.367974281311035,3.8086254596710205,2.4003899097442627,0.0019979476928710938,557.0267887115479,1.2135659884783179,4.493466138839722,17.947749376296997,529.4574325084686,0.16623592376708984,0.18018531799316406,0.1596677303314209,0.0003478599789355575,48.482053995132446,0.0004525184631347656,0.7688934803009033,671.8188097476959
161,161.0,68.0709273815155,60.830519676208496,7.233010530471802,0.7485330104827881,2.7370998859405518,0.0018203258514404297,601.862452507019,1.3112471732179065,4.620468616485596,15.365451335906982,577.1275959014893,0.15707087516784668,0.17560839653015137,0.15653634071350098,0.0003410377793322461,1.7273321151733398,0.00047516822814941406,0.7688829898834229,671.8177235126495
162,162.0,65.61848950386047,60.77674603462219,4.833574533462524,0.8050234317779541,2.123387098312378,0.0024826526641845703,565.2632479667664,1.231510344154175,6.009974718093872,18.583953380584717,535.5353217124939,0.17121243476867676,0.1907360553741455,0.16641855239868164,0.0003625676522847095,40.7708797454834,0.00046443939208984375,0.7688655853271484,671.819500207901
163,163.0,65.7583920955658,60.788169384002686,4.962634086608887,0.8683595657348633,2.0993897914886475,0.0018863677978515625,597.112185716629,1.300898008097231,5.539921283721924,12.948764562606812,573.3867528438568,0.159407377243042,0.17817449569702148,0.1582188606262207,0.0003447034000571257,8.789329528808594,0.0004100799560546875,0.7688980102539062,671.8185362815857
164,164.0,66.01288342475891,47.68893837928772,18.314754724502563,13.891269445419312,2.206232786178589,0.0033729076385498047,566.5695126056671,1.2343562366136538,4.50554633140564,8.83124589920044,547.3318026065826,0.16414737701416016,0.18223261833190918,0.15816926956176758,0.00034459535852236946,39.07852387428284,9.369850158691406e-05,0.7692286968231201,671.8191828727722
165,165.0,67.41229844093323,60.528183937072754,6.876622676849365,1.1944608688354492,2.4776856899261475,0.0020036697387695312,590.0722968578339,1.2855605596031239,4.956032991409302,8.161304950714111,571.3031647205353,0.1583271026611328,0.17717814445495605,0.15873098373413086,0.00034581913667566637,14.173746585845947,0.0004215240478515625,0.7689316272735596,671.817494392395
166,166.0,65.25936651229858,54.18606209754944,11.06383204460144,7.481998682022095,1.9794504642486572,0.0020194053649902344,561.5497884750366,1.2234200184641322,4.665672302246094,7.992724180221558,543.6090354919434,0.168870210647583,0.1862809658050537,0.16374707221984863,0.0003567474340301713,44.8423810005188,0.0004885196685791016,0.7688443660736084,671.8157715797424
167,167.0,66.38291001319885,60.481760025024414,5.8936944007873535,1.0996637344360352,2.2195093631744385,0.005200862884521484,595.6518135070801,1.2977163692964708,4.440429210662842,4.79375147819519,581.1752014160156,0.15996050834655762,0.17756056785583496,0.15935087203979492,0.00034716965586011967,9.622697114944458,0.0009584426879882812,0.7683398723602295,671.8177299499512
168,168.0,65.3188865184784,56.60489368438721,8.704702854156494,5.221486330032349,1.920638084411621,0.0020101070404052734,555.932888507843,1.211182763633645,4.545343637466431,3.725546360015869,541.5639760494232,0.16458988189697266,0.1872105598449707,0.15990924835205078,0.00034838616198703875,50.65190291404724,0.0005390644073486328,0.768784761428833,672.064126253128
169,169.0,67.35468983650208,55.615737438201904,11.729633808135986,6.280235767364502,2.5032684803009033,0.0019452571868896484,598.5968546867371,1.3041325810168563,4.418525695800781,4.5257484912872314,584.3576788902283,0.15850281715393066,0.17837285995483398,0.15920710563659668,0.00034685643929541763,5.9503819942474365,0.0004956722259521484,0.7688882350921631,672.0616292953491
170,170.0,66.48132133483887,60.214613914489746,6.259261846542358,1.7075762748718262,2.518636703491211,0.0020225048065185547,561.974415063858,1.2243451308580786,4.299928903579712,4.685330629348755,548.521329164505,0.17327165603637695,0.19134879112243652,0.1814875602722168,0.00039539773479785794,43.420729875564575,0.0005538463592529297,0.7687931060791016,672.058507680893
171,171.0,68.04877138137817,60.2484986782074,7.79280161857605,1.5796706676483154,2.6957030296325684,0.0019919872283935547,598.9530930519104,1.3049086994594998,5.17112135887146,5.920455694198608,582.3905830383301,0.16086244583129883,0.17923617362976074,0.15947842597961426,0.0003474475511538437,4.900511264801025,0.0005466938018798828,0.7687816619873047,672.0624008178711
172,172.0,66.39194512367249,58.085148096084595,8.298044204711914,3.8093698024749756,2.1883208751678467,0.003620624542236328,566.4457547664642,1.2340866116916431,4.3580162525177,12.384997367858887,544.1282706260681,0.16662955284118652,0.18817758560180664,0.16748952865600586,0.0003649009338910803,39.058104038238525,0.0004930496215820312,0.768876314163208,672.0637865066528
173,173.0,67.72476649284363,56.010146379470825,11.705258846282959,5.9480180740356445,2.1241750717163086,0.003679990768432617,593.016110420227,1.2919740967760938,4.341499328613281,12.053083419799805,571.1853377819061,0.15754294395446777,0.17652320861816406,0.15581631660461426,0.0003394690993564581,11.164605379104614,0.0004951953887939453,0.7688808441162109,672.0617938041687
174,174.0,65.94869256019592,60.23313593864441,5.7080347537994385,1.6706674098968506,2.13792085647583,0.0035910606384277344,564.8156385421753,1.2305351602226042,4.184000253677368,11.929429769515991,543.4827234745026,0.16880011558532715,0.1850733757019043,0.15958905220031738,0.00034768856688522303,41.139073848724365,0.000499725341796875,0.7688665390014648,672.0634937286377
175,175.0,66.51386952400208,55.92121720314026,10.583427667617798,5.9712255001068115,2.58384370803833,0.0019881725311279297,603.6678237915039,1.3151804439902046,5.5839879512786865,21.071689128875732,570.1085634231567,0.15716075897216797,0.17625808715820312,0.15633583068847656,0.00034060093831912106,1.7218067646026611,0.0006659030914306641,0.768718957901001,672.0605018138885
176,176.0,66.41850709915161,58.060523986816406,8.348726034164429,3.7589635848999023,2.0653436183929443,0.002736806869506836,566.8575389385223,1.234983744964101,4.803621768951416,15.757747888565063,540.8224093914032,0.17245030403137207,0.19499969482421875,0.17147421836853027,0.0003735821750948372,38.61151647567749,0.0005662441253662109,0.7689545154571533,672.0596029758453
177,177.0,68.59119200706482,55.10611057281494,13.475731611251831,6.788671255111694,2.699281692504883,0.0019910335540771484,602.555587053299,1.3127572702686252,5.6250481605529785,16.566279411315918,574.6990721225739,0.15790915489196777,0.17478156089782715,0.1557481288909912,0.0003393205422461682,0.757225513458252,0.0005133152008056641,0.7688331604003906,672.0602660179138
178,178.0,66.81423330307007,58.05775761604309,8.747238874435425,3.782534599304199,2.045667886734009,0.002111673355102539,562.6534805297852,1.2258245763176148,5.368088483810425,15.055636167526245,537.5690331459045,0.17194533348083496,0.19109010696411133,0.16727423667907715,0.00036443188818971055,42.42695474624634,0.0005922317504882812,0.768740177154541,672.0625350475311
179,179.0,70.41249251365662,60.24730396270752,10.158224821090698,1.6588563919067383,3.092363119125366,0.002000570297241211,600.8061807155609,1.3089459274848823,6.216271638870239,13.643250226974487,575.1008412837982,0.15772247314453125,0.17779135704040527,0.1563129425048828,0.0003405510729953874,0.6874279975891113,0.0006420612335205078,0.7687442302703857,672.063056230545
180,180.0,66.36752104759216,54.65260982513428,11.706225872039795,7.234042644500732,2.325176954269409,0.002007007598876953,563.3181970119476,1.2272727603746136,4.933685541152954,7.434696912765503,545.7984166145325,0.1689131259918213,0.18272852897644043,0.16443586349487305,0.00035824806861628114,42.21191906929016,8.630752563476562e-05,0.7692337036132812,672.0621592998505
181,181.0,68.8130316734314,60.23265767097473,8.572970867156982,1.733442783355713,2.793598175048828,0.0019583702087402344,601.4853713512421,1.3104256456454075,5.08797550201416,10.694009780883789,578.7935564517975,0.16019129753112793,0.18000102043151855,0.1574869155883789,0.0003431087485585597,1.6087079048156738,0.0005161762237548828,0.7688121795654297,672.0651140213013
182,182.0,66.91021180152893,58.06804394721985,8.832886219024658,3.740906000137329,2.7551541328430176,0.002141714096069336,563.7605049610138,1.2282363942505747,4.748652219772339,6.693912744522095,546.3698587417603,0.16599369049072266,0.1866316795349121,0.16625547409057617,0.00036221236185310715,41.22627902030945,0.0006394386291503906,0.7686870098114014,672.0638906955719
183,183.0,69.90260696411133,55.661115884780884,14.232109069824219,6.218557357788086,3.5407590866088867,0.0018966197967529297,590.1233491897583,1.2856717847271422,5.065387964248657,8.341032981872559,571.5122427940369,0.15985822677612305,0.17897915840148926,0.1576848030090332,0.00034353987583667366,11.87637710571289,0.0005044937133789062,0.7687883377075195,672.0605225563049
184,184.0,66.0951600074768,58.05167078971863,8.034321546554565,3.7735140323638916,2.197556734085083,0.0020627975463867188,564.4009187221527,1.2296316312029472,4.725946426391602,4.115418910980225,548.9954664707184,0.1700458526611328,0.18697524070739746,0.16170978546142578,0.00035230890078742,41.404789447784424,0.0005679130554199219,0.7687456607818604,672.0631458759308
185,185.0,67.97950029373169,55.21270394325256,12.75750470161438,6.694455146789551,2.4559147357940674,0.0019941329956054688,591.7303624153137,1.2891729028656072,4.494044303894043,4.300079822540283,577.4005196094513,0.15844964981079102,0.17934703826904297,0.15651965141296387,0.000341001419200357,12.19665813446045,0.0006287097930908203,0.7686984539031982,672.0636692047119
186,186.0,66.61000561714172,58.06282639503479,8.536721229553223,3.8318967819213867,2.56467604637146,0.001956462860107422,563.2853808403015,1.22720126544728,5.017677307128906,4.813430309295654,547.8146460056305,0.17009449005126953,0.1879432201385498,0.17412018775939941,0.00037934681429063055,41.98913931846619,0.0006270408630371094,0.7687432765960693,672.0592730045319
187,187.0,68.75916576385498,60.21845483779907,8.533077478408813,1.710988998413086,2.627967119216919,0.0019221305847167969,601.2362849712372,1.3098829737935451,4.780017375946045,10.790825366973877,581.0267589092255,0.15881562232971191,0.1737208366394043,0.1532306671142578,0.0003338358760659212,1.9132719039916992,0.000499725341796875,0.7701663970947266,672.0624530315399
188,188.0,65.96179008483887,58.059083700180054,7.894551515579224,3.7626399993896484,1.8494391441345215,0.0020101070404052734,561.1418380737305,1.2225312376333997,4.471462726593018,13.686844825744629,536.5435190200806,0.16586804389953613,0.18482208251953125,0.16706323623657227,0.00036397219223654087,44.787837505340576,9.512901306152344e-05,0.7692766189575195,672.0586240291595
189,189.0,69.24756336212158,55.98172736167908,13.257142782211304,5.842998266220093,3.3982174396514893,0.0075528621673583984,597.8203876018524,1.3024409315944496,4.889791250228882,12.306496381759644,575.8417439460754,0.15964078903198242,0.17737054824829102,0.15643525123596191,0.00034081754081908915,4.836704730987549,0.0005693435668945312,0.7688076496124268,672.0616602897644
190,190.0,67.58192706108093,60.19985055923462,7.3746325969696045,1.7147326469421387,3.0660018920898438,0.0020411014556884766,561.4908649921417,1.223291644863054,3.8838255405426025,11.589359283447266,540.7671556472778,0.16690421104431152,0.18330645561218262,0.16185569763183594,0.0003526267922262221,42.826879024505615,0.00039386749267578125,0.7689549922943115,672.0619206428528
191,191.0,67.94085478782654,60.24651527404785,7.687420845031738,1.7220616340637207,3.194401979446411,0.03651857376098633,601.9038422107697,1.3113373468644218,3.8841707706451416,14.172938108444214,578.3772020339966,0.15746665000915527,0.17563605308532715,0.1521909236907959,0.00033157063984922856,2.067587375640869,0.0017559528350830078,0.7676880359649658,672.0662312507629
192,192.0,65.5796537399292,58.03497767448425,7.5353474617004395,3.782886028289795,1.757145643234253,0.002034902572631836,566.2779977321625,1.233721127956781,5.430438041687012,17.074949979782104,538.0415937900543,0.17005467414855957,0.1840364933013916,0.16153764724731445,0.0003519338719985064,40.039478063583374,8.273124694824219e-05,0.7692451477050781,672.0587499141693
193,193.0,68.07543659210205,60.24593806266785,7.822659254074097,1.6963739395141602,2.6288671493530273,0.0019474029541015625,603.8330512046814,1.3155404165679334,4.230098247528076,15.135132789611816,579.6556897163391,0.15753865242004395,0.17367148399353027,0.15384244918823242,0.00033516873461488547,0.00011301040649414062,0.0005292892456054688,0.7688438892364502,672.0629725456238
194,194.0,66.62612748146057,60.2219398021698,6.3966145515441895,1.6990656852722168,2.1122429370880127,0.002458810806274414,563.6537749767303,1.2280038670517002,5.016792058944702,14.709763526916504,541.7791531085968,0.16730070114135742,0.19198369979858398,0.16965985298156738,0.0003696293093280335,41.61238193511963,7.867813110351562e-05,0.7692379951477051,672.0620229244232
195,195.0,68.0423903465271,60.25858759880066,7.776890277862549,1.5679709911346436,2.572319507598877,0.00191497802734375,597.2172124385834,1.301126824484931,3.9530558586120605,11.660666465759277,579.7711851596832,0.16015625,0.17556452751159668,0.15501141548156738,0.00033771550213849104,6.645738363265991,8.392333984375e-05,0.7692437171936035,672.0604364871979
